zsd,Tuesday 05/12/2017 12:52:30,sadsad
Harry ,Tuesday 05/12/2017 12:59:51,This is great
sadasdasd,Tuesday 05/12/2017 13:09:39,asdswsssssssssssssssssssssssssssssssssssssssssssssssssssssssssssssssssssssssssssssssssssssssssssssssssssssssssssssssssssssssssssssssssssssssssssssssssssssssssssssssssssss
adasdasdsa,Tuesday 05/12/2017 13:10:26,dsadsadsadsadsadsa
asdasd,Tuesday 05/12/2017 13:10:28,asdasdasdsa
sdsadsad,Tuesday 05/12/2017 13:10:32,dsadasdsadsa
sdas,Tuesday 05/12/2017 13:37:15,sdasdsadsadsadsadsadas
zczxczs,Tuesday 05/12/2017 13:40:15,"sdasdsadasasdasdsadsadsaaaaaaaaaaaaaaaaaaaaaaaaaaaaaaaaaaaaaaaaaaaaaawsassssssssssssssss
"
aindsadasdsadsadasdasdaids aiddsereasdsadsadsadsaereasdsadsadsadsaereasdsadsadsadsaereasdsadsadsadsaereasdsadsadsadsa,Tuesday 05/12/2017 13:50:33,ereasdsadsadsadsadereasdsadsadsadsaereasdsadsadsadsaereasdsadsadsadsaereasdsadsadsadsaereasdsadsadsadsaereasdsadsadsadsaereasdsadsadsadsaereasdsadsadsadsaereasdsadsadsadsaereasdsadsadsadsaereasdsadsadsadsaereasdsadsadsadsaereasdsadsadsadsaereasdsadsadsadsaereasdsadsadsadsaereasdsadsadsadsaereasdsadsadsadsaereasdsadsadsadsaereasdsadsadsadsaereasdsadsadsadsaereasdsadsadsadsaereasdsadsadsadsaereasdsadsadsadsaereasdsadsadsadsaereasdsadsadsadsaereasdsadsadsadsaereasdsadsadsadsaereasdsadsadsadsaereasdsadsadsadsaereasdsadsadsadsaereasdsadsadsadsaereasdsadsadsadsaereasdsadsadsadsaereasdsadsadsadsaereasdsadsadsadsa
ssssssssssssssssssssssssssssss,Tuesday 05/12/2017 13:52:56,123456789123456789123456789123456789123456789123456789123456789123456789123456789123456789123456789123456789123456789123456789123456789123456789123456789123456789123456789123456789123456789123456789123456789123456789123456789123456789123456789123456789123456789123456789123456789123456789123456789123
