Friday 01/12/2017,6
Saturday 02/12/2017,6
Sunday 03/12/2017,2
Tuesday 05/12/2017,7
Wednesday 06/12/2017,9
Thursday 07/12/2017,9
Friday 08/12/2017,2
Saturday 09/12/2017,2
Sunday 10/12/2017,2
Monday 11/12/2017,2
Tuesday 12/12/2017,2
Wednesday 13/12/2017,2
Thursday 14/12/2017,2
Friday 15/12/2017,1
Tuesday 19/12/2017,2
Wednesday 20/12/2017,2
Thursday 12/09/2019,11
Friday 13/09/2019,11
Saturday 14/09/2019,11
Sunday 15/09/2019,11
Monday 16/09/2019,11
Tuesday 17/09/2019,11
Wednesday 18/09/2019,11
Thursday 19/09/2019,11
Friday 20/09/2019,11
Saturday 21/09/2019,11
Sunday 22/09/2019,11
Monday 23/09/2019,11
Tuesday 24/09/2019,11
Wednesday 25/09/2019,11
Thursday 26/09/2019,11
Friday 27/09/2019,11
Saturday 28/09/2019,11
Sunday 29/09/2019,11
Monday 30/09/2019,11
Tuesday 01/10/2019,11
Wednesday 02/10/2019,11
Thursday 03/10/2019,11
Friday 04/10/2019,11
Saturday 05/10/2019,11
Sunday 06/10/2019,11
Monday 07/10/2019,11
Tuesday 08/10/2019,11
Wednesday 09/10/2019,11
Thursday 10/10/2019,11
Friday 11/10/2019,11
Saturday 12/10/2019,11
Sunday 13/10/2019,11
Monday 14/10/2019,11
Tuesday 15/10/2019,11
Wednesday 16/10/2019,11
Thursday 17/10/2019,11
Friday 18/10/2019,11
Saturday 19/10/2019,11
Sunday 20/10/2019,11
Monday 21/10/2019,11
Tuesday 22/10/2019,11
Wednesday 23/10/2019,11
Thursday 24/10/2019,11
Friday 25/10/2019,11
Saturday 26/10/2019,11
Sunday 27/10/2019,11
Monday 28/10/2019,11
Tuesday 29/10/2019,11
Wednesday 30/10/2019,11
Thursday 31/10/2019,11
Friday 01/11/2019,11
Saturday 02/11/2019,11
Sunday 03/11/2019,11
Monday 04/11/2019,11
Tuesday 05/11/2019,11
Wednesday 06/11/2019,11
Thursday 07/11/2019,11
Friday 08/11/2019,11
Saturday 09/11/2019,11
Sunday 10/11/2019,11
Monday 11/11/2019,11
Tuesday 12/11/2019,11
Wednesday 13/11/2019,11
Thursday 14/11/2019,11
Friday 15/11/2019,11
Saturday 16/11/2019,11
Sunday 17/11/2019,11
Monday 18/11/2019,11
Tuesday 19/11/2019,11
Wednesday 20/11/2019,11
Thursday 21/11/2019,11
Friday 22/11/2019,11
Saturday 23/11/2019,11
Sunday 24/11/2019,11
Monday 25/11/2019,11
Tuesday 26/11/2019,11
Wednesday 27/11/2019,11
Thursday 28/11/2019,11
Friday 29/11/2019,11
Saturday 30/11/2019,11
Sunday 01/12/2019,11
Monday 02/12/2019,11
Tuesday 03/12/2019,11
Wednesday 04/12/2019,11
Thursday 05/12/2019,11
Friday 06/12/2019,11
Saturday 07/12/2019,11
Sunday 08/12/2019,11
Monday 09/12/2019,11
Tuesday 10/12/2019,11
Wednesday 11/12/2019,11
Thursday 12/12/2019,11
Friday 13/12/2019,11
Saturday 14/12/2019,11
Sunday 15/12/2019,11
Monday 16/12/2019,11
Tuesday 17/12/2019,11
Wednesday 18/12/2019,11
Thursday 19/12/2019,11
