admin@admin.com,5,Sunday 26/11/2017,Monday 27/11/2017
admin@admin.com,2,Monday 30/11/2020,Wednesday 25/11/2043
h@h.com,4,Tuesday 05/12/2017,Sunday 24/12/2017
h@h.com,3,Tuesday 05/12/2017,Thursday 07/12/2017
h@h.com,400,Wednesday 13/12/2017,Thursday 21/12/2017
admin@admin.com,2,Monday 04/12/2017,Wednesday 06/12/2017
admin@admin.com,2,Tuesday 05/12/2017,Thursday 07/12/2017
admin@admin.com,1,Tuesday 05/12/2017,Thursday 14/12/2017
admin@admin.com,2,Wednesday 06/12/2017,Thursday 14/12/2017
admin@admin.com,2,Tuesday 05/12/2017,Thursday 07/12/2017
admin@admin.com,2,Tuesday 19/12/2017,Wednesday 20/12/2017
admin@admin.com,11,Thursday 12/09/2019,Thursday 19/12/2019
admin@admin.com,1,Friday 15/12/2017,Friday 15/12/2017
admin@admin.com,1,Friday 29/12/2017,Friday 29/12/2017
